INSERT INTO `filter_case` VALUES ('1', '关系');
INSERT INTO `filter_case` VALUES ('2', '职业');
INSERT INTO `filter_case` VALUES ('3', '性别');
INSERT INTO `filter_case` VALUES ('4', '年龄');
INSERT INTO `filter_case` VALUES ('5', '价格');
INSERT INTO `filter_case` VALUES ('6', '用途');

INSERT INTO `concrete_filter` VALUES ('1', '1', '姐妹');
INSERT INTO `concrete_filter` VALUES ('2', '1', '兄弟');
INSERT INTO `concrete_filter` VALUES ('3', '1', '夫妻');
INSERT INTO `concrete_filter` VALUES ('4', '1', '父母');
INSERT INTO `concrete_filter` VALUES ('5', '1', '好朋友');
INSERT INTO `concrete_filter` VALUES ('6', '1', '恋人');
INSERT INTO `concrete_filter` VALUES ('7', '1', '长辈');
INSERT INTO `concrete_filter` VALUES ('8', '1', '晚辈');
INSERT INTO `concrete_filter` VALUES ('9', '1', '朋友');
INSERT INTO `concrete_filter` VALUES ('10', '2', '教师');
INSERT INTO `concrete_filter` VALUES ('11', '2', '工程师');
INSERT INTO `concrete_filter` VALUES ('12', '2', '摄影师');
INSERT INTO `concrete_filter` VALUES ('13', '2', '律师');
INSERT INTO `concrete_filter` VALUES ('14', '2', '医护人员');
INSERT INTO `concrete_filter` VALUES ('15', '2', '运动员');
INSERT INTO `concrete_filter` VALUES ('16', '2', '建筑设计者');
INSERT INTO `concrete_filter` VALUES ('17', '2', '服务工作人员');
INSERT INTO `concrete_filter` VALUES ('18', '2', '军警');
INSERT INTO `concrete_filter` VALUES ('19', '2', '管理工作者');
INSERT INTO `concrete_filter` VALUES ('20', '3', '男');
INSERT INTO `concrete_filter` VALUES ('21', '3', '女');
INSERT INTO `concrete_filter` VALUES ('22', '4', '1—18');
INSERT INTO `concrete_filter` VALUES ('23', '4', '18—30');
INSERT INTO `concrete_filter` VALUES ('24', '4', '30—50');
INSERT INTO `concrete_filter` VALUES ('25', '4', '50—70');
INSERT INTO `concrete_filter` VALUES ('26', '4', '70以上');
INSERT INTO `concrete_filter` VALUES ('27', '5', '100以下');
INSERT INTO `concrete_filter` VALUES ('28', '5', '100—1000');
INSERT INTO `concrete_filter` VALUES ('29', '5', '1000—5000');
INSERT INTO `concrete_filter` VALUES ('30', '5', '5000以上');
INSERT INTO `concrete_filter` VALUES ('31', '6', '生日礼物');
INSERT INTO `concrete_filter` VALUES ('32', '6', '节日礼物');
INSERT INTO `concrete_filter` VALUES ('33', '6', '纪念日礼物');
INSERT INTO `concrete_filter` VALUES ('34', '6', '平时礼物');

INSERT INTO `category` VALUES ('1', '女装', '1');
INSERT INTO `category` VALUES ('2', '内衣', '1');
INSERT INTO `category` VALUES ('3', '男装', '2');
INSERT INTO `category` VALUES ('4', '运动户外', '2');
INSERT INTO `category` VALUES ('5', '女鞋', '3');
INSERT INTO `category` VALUES ('6', '男鞋', '3');
INSERT INTO `category` VALUES ('7', '箱包', '3');
INSERT INTO `category` VALUES ('8', '美妆', '4');
INSERT INTO `category` VALUES ('9', '个人护理', '4');
INSERT INTO `category` VALUES ('10', '腕表', '5');
INSERT INTO `category` VALUES ('11', '眼镜', '5');
INSERT INTO `category` VALUES ('12', '珠宝首饰', '5');
INSERT INTO `category` VALUES ('13', '手机', '6');
INSERT INTO `category` VALUES ('14', '数码', '6');
INSERT INTO `category` VALUES ('15', '电脑办公', '6');
INSERT INTO `category` VALUES ('16', '母婴玩具', '7');
INSERT INTO `category` VALUES ('17', '零食', '8');
INSERT INTO `category` VALUES ('18', '茶酒', '8');
INSERT INTO `category` VALUES ('19', '进口零食', '8');
INSERT INTO `category` VALUES ('20', '生鲜水果', '9');
INSERT INTO `category` VALUES ('21', '大家电', '10');
INSERT INTO `category` VALUES ('22', '生活电器', '10');
INSERT INTO `category` VALUES ('23', '家具建材', '11');
INSERT INTO `category` VALUES ('24', '汽车', '12');
INSERT INTO `category` VALUES ('25', '配件', '12');
INSERT INTO `category` VALUES ('26', '用品', '12');
INSERT INTO `category` VALUES ('27', '家纺', '13');
INSERT INTO `category` VALUES ('28', '家饰', '13');
INSERT INTO `category` VALUES ('29', '鲜花', '13');
INSERT INTO `category` VALUES ('30', '医药保健', '14');
INSERT INTO `category` VALUES ('31', '厨具', '15');
INSERT INTO `category` VALUES ('32', '收纳', '15');
INSERT INTO `category` VALUES ('33', '宠物', '15');
INSERT INTO `category` VALUES ('34', '图像音相', '16');


INSERT INTO `sub_category` VALUES ('1', '毛呢外套', '1');
INSERT INTO `sub_category` VALUES ('2', '羽绒服', '1');
INSERT INTO `sub_category` VALUES ('3', '棉服丝绒', '1');
INSERT INTO `sub_category` VALUES ('4', '卫衣', '1');
INSERT INTO `sub_category` VALUES ('5', '毛针织衫', '1');
INSERT INTO `sub_category` VALUES ('6', '皮毛一体', '1');
INSERT INTO `sub_category` VALUES ('7', '皮草', '1');
INSERT INTO `sub_category` VALUES ('8', '毛衣', '1');
INSERT INTO `sub_category` VALUES ('9', '衬衫', '1');
INSERT INTO `sub_category` VALUES ('10', '卫衣', '1');
INSERT INTO `sub_category` VALUES ('11', '针织衫', '1');
INSERT INTO `sub_category` VALUES ('12', 'T恤', '1');
INSERT INTO `sub_category` VALUES ('13', '短外套', '1');
INSERT INTO `sub_category` VALUES ('14', '小西装', '1');
INSERT INTO `sub_category` VALUES ('15', '风衣', '1');
INSERT INTO `sub_category` VALUES ('16', '连衣裙', '1');
INSERT INTO `sub_category` VALUES ('17', '半身裙', '1');
INSERT INTO `sub_category` VALUES ('18', 'A字裙荷', '1');
INSERT INTO `sub_category` VALUES ('19', '叶边裙', '1');
INSERT INTO `sub_category` VALUES ('20', '大摆裙', '1');
INSERT INTO `sub_category` VALUES ('21', '包臀裙', '1');
INSERT INTO `sub_category` VALUES ('22', '百褶裙', '1');
INSERT INTO `sub_category` VALUES ('23', '牛仔裙', '1');
INSERT INTO `sub_category` VALUES ('24', '蕾丝连衣裙', '1');
INSERT INTO `sub_category` VALUES ('25', '真丝连衣裙', '1');
INSERT INTO `sub_category` VALUES ('26', '印花连衣裙', '1');
INSERT INTO `sub_category` VALUES ('27', '光面文胸', '2');
INSERT INTO `sub_category` VALUES ('28', '运动文胸', '2');
INSERT INTO `sub_category` VALUES ('29', '美背文胸', '2');
INSERT INTO `sub_category` VALUES ('30', '聚拢文胸', '2');
INSERT INTO `sub_category` VALUES ('31', '大杯文胸', '2');
INSERT INTO `sub_category` VALUES ('32', '轻薄塑身', '2');
INSERT INTO `sub_category` VALUES ('33', '夹克', '3');
INSERT INTO `sub_category` VALUES ('34', '单西', '3');
INSERT INTO `sub_category` VALUES ('35', '棒球服', '3');
INSERT INTO `sub_category` VALUES ('36', '棉衣', '3');
INSERT INTO `sub_category` VALUES ('37', '毛呢大衣', '3');
INSERT INTO `sub_category` VALUES ('38', '风衣', '3');
INSERT INTO `sub_category` VALUES ('39', '西服套装', '3');
INSERT INTO `sub_category` VALUES ('40', '羽绒服', '3');
INSERT INTO `sub_category` VALUES ('41', '皮衣', '3');
INSERT INTO `sub_category` VALUES ('42', '运动服', '3');
INSERT INTO `sub_category` VALUES ('43', '工装外套', '3');
INSERT INTO `sub_category` VALUES ('44', '针织开衫', '3');
INSERT INTO `sub_category` VALUES ('45', '马甲', '3');
INSERT INTO `sub_category` VALUES ('46', '短袖', '3');
INSERT INTO `sub_category` VALUES ('47', 'T恤', '3');
INSERT INTO `sub_category` VALUES ('48', 'POLO衫', '3');
INSERT INTO `sub_category` VALUES ('49', '短袖衬衫', '3');
INSERT INTO `sub_category` VALUES ('50', '背心', '3');
INSERT INTO `sub_category` VALUES ('51', '卫衣', '3');
INSERT INTO `sub_category` VALUES ('52', '针织衫', '3');
INSERT INTO `sub_category` VALUES ('53', '毛衣', '3');
INSERT INTO `sub_category` VALUES ('54', '长袖衬衫', '3');
INSERT INTO `sub_category` VALUES ('55', '长袖T恤', '3');
INSERT INTO `sub_category` VALUES ('56', '跑步鞋', '4');
INSERT INTO `sub_category` VALUES ('57', '运动鞋', '4');
INSERT INTO `sub_category` VALUES ('58', '板鞋', '4');
INSERT INTO `sub_category` VALUES ('59', '潮鞋', '4');
INSERT INTO `sub_category` VALUES ('60', '休闲鞋', '4');
INSERT INTO `sub_category` VALUES ('61', '篮球鞋', '4');
INSERT INTO `sub_category` VALUES ('62', '足球鞋', '4');
INSERT INTO `sub_category` VALUES ('63', '短袖t恤', '4');
INSERT INTO `sub_category` VALUES ('64', '运动裤', '4');
INSERT INTO `sub_category` VALUES ('65', '运动内衣', '4');
INSERT INTO `sub_category` VALUES ('66', '速干t恤', '4');
INSERT INTO `sub_category` VALUES ('67', '运动Polo', '4');
INSERT INTO `sub_category` VALUES ('68', '运动卫衣', '4');
INSERT INTO `sub_category` VALUES ('69', '运动套装', '4');
INSERT INTO `sub_category` VALUES ('70', '运动短裤', '4');
INSERT INTO `sub_category` VALUES ('71', '健身服', '4');
INSERT INTO `sub_category` VALUES ('72', '运动茄克', '4');
INSERT INTO `sub_category` VALUES ('73', '潮流过膝靴', '5');
INSERT INTO `sub_category` VALUES ('74', '气质百搭踝靴', '5');
INSERT INTO `sub_category` VALUES ('75', '永远的帆布鞋', '5');
INSERT INTO `sub_category` VALUES ('76', '流行松糕底', '5');
INSERT INTO `sub_category` VALUES ('77', '英伦牛津鞋', '5');
INSERT INTO `sub_category` VALUES ('78', '单鞋', '5');
INSERT INTO `sub_category` VALUES ('79', '小白鞋', '5');
INSERT INTO `sub_category` VALUES ('80', '商场同款帆布鞋', '5');
INSERT INTO `sub_category` VALUES ('81', '深口单鞋', '5');
INSERT INTO `sub_category` VALUES ('82', '浅口单鞋', '5');
INSERT INTO `sub_category` VALUES ('83', '平底单鞋', '5');
INSERT INTO `sub_category` VALUES ('84', '高跟单鞋', '5');
INSERT INTO `sub_category` VALUES ('85', '坡跟单鞋', '5');
INSERT INTO `sub_category` VALUES ('86', '豆豆鞋', '5');
INSERT INTO `sub_category` VALUES ('87', '乐福鞋', '5');
INSERT INTO `sub_category` VALUES ('88', '牛津鞋', '5');
INSERT INTO `sub_category` VALUES ('89', '商场同款', '6');
INSERT INTO `sub_category` VALUES ('90', '休闲鞋', '6');
INSERT INTO `sub_category` VALUES ('91', '正装皮鞋', '6');
INSERT INTO `sub_category` VALUES ('92', '休闲皮鞋', '6');
INSERT INTO `sub_category` VALUES ('93', '板鞋', '6');
INSERT INTO `sub_category` VALUES ('94', '户外休闲', '6');
INSERT INTO `sub_category` VALUES ('95', '帆布鞋', '6');
INSERT INTO `sub_category` VALUES ('96', '运动休闲', '6');
INSERT INTO `sub_category` VALUES ('97', '乐福鞋', '6');
INSERT INTO `sub_category` VALUES ('98', '豆豆鞋', '6');
INSERT INTO `sub_category` VALUES ('99', '布洛克', '6');
INSERT INTO `sub_category` VALUES ('100', '帆船鞋', '6');
INSERT INTO `sub_category` VALUES ('101', '布鞋', '6');
INSERT INTO `sub_category` VALUES ('102', '时尚彩妆', '8');
INSERT INTO `sub_category` VALUES ('103', '香水', '8');
INSERT INTO `sub_category` VALUES ('104', 'BB霜', '8');
INSERT INTO `sub_category` VALUES ('105', '美容工具', '8');
INSERT INTO `sub_category` VALUES ('106', '口红', '8');
INSERT INTO `sub_category` VALUES ('107', '隔离粉底', '8');
INSERT INTO `sub_category` VALUES ('108', '粉饼', '8');
INSERT INTO `sub_category` VALUES ('109', '气垫bb', '8');
INSERT INTO `sub_category` VALUES ('110', '指甲油', '8');
INSERT INTO `sub_category` VALUES ('111', '美甲工具', '8');
INSERT INTO `sub_category` VALUES ('112', '眉笔', '8');
INSERT INTO `sub_category` VALUES ('113', '睫毛膏', '8');
INSERT INTO `sub_category` VALUES ('114', '眼线', '8');
INSERT INTO `sub_category` VALUES ('115', '唇彩', '8');
INSERT INTO `sub_category` VALUES ('116', '眼影', '8');
INSERT INTO `sub_category` VALUES ('117', '蜜粉', '8');
INSERT INTO `sub_category` VALUES ('118', '彩妆套装', '8');
INSERT INTO `sub_category` VALUES ('119', '男士钱包', '7');
INSERT INTO `sub_category` VALUES ('120', '收纳包', '7');
INSERT INTO `sub_category` VALUES ('121', '胸包', '7');
INSERT INTO `sub_category` VALUES ('122', '腰包', '7');
INSERT INTO `sub_category` VALUES ('123', '手拿包', '7');
INSERT INTO `sub_category` VALUES ('124', '手提包', '7');
INSERT INTO `sub_category` VALUES ('125', '斜跨包', '7');
INSERT INTO `sub_category` VALUES ('126', '单肩包', '7');
INSERT INTO `sub_category` VALUES ('127', '旅行箱', '7');
INSERT INTO `sub_category` VALUES ('128', '万向轮箱', '7');
INSERT INTO `sub_category` VALUES ('129', '旅行袋', '7');
INSERT INTO `sub_category` VALUES ('130', '女士双肩包', '7');
INSERT INTO `sub_category` VALUES ('131', '男士双肩包', '7');
INSERT INTO `sub_category` VALUES ('132', '韩版双肩包', '7');
INSERT INTO `sub_category` VALUES ('133', '铆钉双肩包', '7');
INSERT INTO `sub_category` VALUES ('134', '洗发水', '9');
INSERT INTO `sub_category` VALUES ('135', '护发素', '9');
INSERT INTO `sub_category` VALUES ('136', '洗护套装', '9');
INSERT INTO `sub_category` VALUES ('137', '护发精油', '9');
INSERT INTO `sub_category` VALUES ('138', '头发造型弹力素', '9');
INSERT INTO `sub_category` VALUES ('139', '染发霜', '9');
INSERT INTO `sub_category` VALUES ('140', '假发', '9');
INSERT INTO `sub_category` VALUES ('141', '沐浴露', '9');
INSERT INTO `sub_category` VALUES ('142', '香皂', '9');
INSERT INTO `sub_category` VALUES ('143', '泡澡浴盐', '9');
INSERT INTO `sub_category` VALUES ('144', '护足洗手液', '9');
INSERT INTO `sub_category` VALUES ('145', '手动剃须刀', '9');
INSERT INTO `sub_category` VALUES ('146', '瑞士名表', '10');
INSERT INTO `sub_category` VALUES ('147', '日韩港表', '10');
INSERT INTO `sub_category` VALUES ('148', '欧美手表', '10');
INSERT INTO `sub_category` VALUES ('149', '经典国表', '10');
INSERT INTO `sub_category` VALUES ('150', '国货精表', '10');
INSERT INTO `sub_category` VALUES ('151', '男表', '10');
INSERT INTO `sub_category` VALUES ('152', '女表', '10');
INSERT INTO `sub_category` VALUES ('153', '情侣表', '10');
INSERT INTO `sub_category` VALUES ('154', '儿童手表', '10');
INSERT INTO `sub_category` VALUES ('155', '机械表', '10');
INSERT INTO `sub_category` VALUES ('156', '石英表', '10');
INSERT INTO `sub_category` VALUES ('157', '光能表', '10');
INSERT INTO `sub_category` VALUES ('158', '防水表', '10');
INSERT INTO `sub_category` VALUES ('159', '运动表', '10');
INSERT INTO `sub_category` VALUES ('160', '学生表', '10');
INSERT INTO `sub_category` VALUES ('161', '军表', '10');
INSERT INTO `sub_category` VALUES ('162', '陶瓷表', '10');
INSERT INTO `sub_category` VALUES ('163', '太阳镜墨镜', '11');
INSERT INTO `sub_category` VALUES ('164', '眼镜框', '11');
INSERT INTO `sub_category` VALUES ('165', '近视眼镜', '11');
INSERT INTO `sub_category` VALUES ('166', '防辐射眼镜', '11');
INSERT INTO `sub_category` VALUES ('167', '老花镜', '11');
INSERT INTO `sub_category` VALUES ('168', '司机镜', '11');
INSERT INTO `sub_category` VALUES ('169', '偏光镜', '11');
INSERT INTO `sub_category` VALUES ('170', '驾驶镜', '11');
INSERT INTO `sub_category` VALUES ('171', '3D眼镜', '11');
INSERT INTO `sub_category` VALUES ('172', '雷朋', '11');
INSERT INTO `sub_category` VALUES ('173', '暴龙', '11');
INSERT INTO `sub_category` VALUES ('174', '宝岛眼镜', '11');
INSERT INTO `sub_category` VALUES ('175', 'oakley', '11');
INSERT INTO `sub_category` VALUES ('176', '结婚钻戒', '12');
INSERT INTO `sub_category` VALUES ('177', '钻石吊坠', '12');
INSERT INTO `sub_category` VALUES ('178', '钻石耳饰', '12');
INSERT INTO `sub_category` VALUES ('179', '钻石手链', '12');
INSERT INTO `sub_category` VALUES ('180', '裸钻定制', '12');
INSERT INTO `sub_category` VALUES ('181', '红蓝宝石', '12');
INSERT INTO `sub_category` VALUES ('182', '绿宝石', '12');
INSERT INTO `sub_category` VALUES ('183', '坦桑石', '12');
INSERT INTO `sub_category` VALUES ('184', '其他天然宝石', '12');
INSERT INTO `sub_category` VALUES ('185', '海水珍珠', '12');
INSERT INTO `sub_category` VALUES ('186', '和田玉', '12');
INSERT INTO `sub_category` VALUES ('187', '翡翠摆件', '12');
INSERT INTO `sub_category` VALUES ('188', '翡翠手镯', '12');
INSERT INTO `sub_category` VALUES ('189', '翡翠项链', '12');
INSERT INTO `sub_category` VALUES ('190', '琥珀手链', '12');
INSERT INTO `sub_category` VALUES ('191', '天然琥珀', '12');
INSERT INTO `sub_category` VALUES ('192', '原矿琥珀', '12');
INSERT INTO `sub_category` VALUES ('193', '小米', '13');
INSERT INTO `sub_category` VALUES ('194', 'iPhone', '13');
INSERT INTO `sub_category` VALUES ('195', '魅族', '13');
INSERT INTO `sub_category` VALUES ('196', '荣耀', '13');
INSERT INTO `sub_category` VALUES ('197', '乐视', '13');
INSERT INTO `sub_category` VALUES ('198', 'OPPO', '13');
INSERT INTO `sub_category` VALUES ('199', 'vivo', '13');
INSERT INTO `sub_category` VALUES ('200', '三星', '13');
INSERT INTO `sub_category` VALUES ('201', '华为', '13');
INSERT INTO `sub_category` VALUES ('202', 'AliOS', '13');
INSERT INTO `sub_category` VALUES ('203', '千元指纹', '13');
INSERT INTO `sub_category` VALUES ('204', '双卡双待', '13');
INSERT INTO `sub_category` VALUES ('205', '大屏', '13');
INSERT INTO `sub_category` VALUES ('206', '自拍', '13');
INSERT INTO `sub_category` VALUES ('207', '移动', '13');
INSERT INTO `sub_category` VALUES ('208', '联通', '13');
INSERT INTO `sub_category` VALUES ('209', '电信', '13');
INSERT INTO `sub_category` VALUES ('210', '合约机', '13');
INSERT INTO `sub_category` VALUES ('211', '三脚架/云台', '14');
INSERT INTO `sub_category` VALUES ('212', '相机包', '14');
INSERT INTO `sub_category` VALUES ('213', '滤镜', '14');
INSERT INTO `sub_category` VALUES ('214', '闪光灯', '14');
INSERT INTO `sub_category` VALUES ('215', '相机清洗', '14');
INSERT INTO `sub_category` VALUES ('216', '机身附件', '14');
INSERT INTO `sub_category` VALUES ('217', '镜头附件', '14');
INSERT INTO `sub_category` VALUES ('218', '读卡器', '14');
INSERT INTO `sub_category` VALUES ('219', '电饭煲', '15');
INSERT INTO `sub_category` VALUES ('220', '微波炉', '15');
INSERT INTO `sub_category` VALUES ('221', '电烤箱', '15');
INSERT INTO `sub_category` VALUES ('222', '电磁炉', '15');
INSERT INTO `sub_category` VALUES ('223', '电压力锅', '15');
INSERT INTO `sub_category` VALUES ('224', '豆浆机', '15');
INSERT INTO `sub_category` VALUES ('225', '咖啡机', '15');
INSERT INTO `sub_category` VALUES ('226', '面包机', '15');
INSERT INTO `sub_category` VALUES ('227', '榨汁机', '15');
INSERT INTO `sub_category` VALUES ('228', '连体衣', '16');
INSERT INTO `sub_category` VALUES ('229', '内衣套装', '16');
INSERT INTO `sub_category` VALUES ('230', '婴儿礼盒', '16');
INSERT INTO `sub_category` VALUES ('231', '家居服', '16');
INSERT INTO `sub_category` VALUES ('232', 'T恤', '16');
INSERT INTO `sub_category` VALUES ('233', '反穿衣肚兜', '16');
INSERT INTO `sub_category` VALUES ('234', '婴儿推车', '16');
INSERT INTO `sub_category` VALUES ('235', '学步车', '16');
INSERT INTO `sub_category` VALUES ('236', '安全座椅', '16');
INSERT INTO `sub_category` VALUES ('237', '婴儿背带', '16');
INSERT INTO `sub_category` VALUES ('238', '腰凳', '16');
INSERT INTO `sub_category` VALUES ('239', '婴儿床餐椅', '16');
INSERT INTO `sub_category` VALUES ('240', '睡袋抱被', '16');
INSERT INTO `sub_category` VALUES ('241', '婴儿玩具', '16');
INSERT INTO `sub_category` VALUES ('242', '儿童自行车', '16');
INSERT INTO `sub_category` VALUES ('243', '儿童电动车', '16');
INSERT INTO `sub_category` VALUES ('244', '毛绒玩具', '16');
INSERT INTO `sub_category` VALUES ('245', '积木', '16');
INSERT INTO `sub_category` VALUES ('246', '电动', '16');
INSERT INTO `sub_category` VALUES ('247', '遥控', '16');
INSERT INTO `sub_category` VALUES ('248', '儿童箱包', '16');
INSERT INTO `sub_category` VALUES ('249', '坚果', '17');
INSERT INTO `sub_category` VALUES ('250', '饼干', '17');
INSERT INTO `sub_category` VALUES ('251', '蛋糕', '17');
INSERT INTO `sub_category` VALUES ('252', '红枣', '17');
INSERT INTO `sub_category` VALUES ('253', '巧克力', '17');
INSERT INTO `sub_category` VALUES ('254', '猪肉脯', '17');
INSERT INTO `sub_category` VALUES ('255', '膨化食品', '17');
INSERT INTO `sub_category` VALUES ('256', '蜜饯', '17');
INSERT INTO `sub_category` VALUES ('257', '鸭脖', '17');
INSERT INTO `sub_category` VALUES ('258', '糖果', '17');
INSERT INTO `sub_category` VALUES ('259', '豆干', '17');
INSERT INTO `sub_category` VALUES ('260', '曲奇', '17');
INSERT INTO `sub_category` VALUES ('261', '海苔', '17');
INSERT INTO `sub_category` VALUES ('262', '肉松', '17');
INSERT INTO `sub_category` VALUES ('263', '饼牛', '17');
INSERT INTO `sub_category` VALUES ('264', '肉干', '17');
INSERT INTO `sub_category` VALUES ('265', '鱿鱼丝', '17');
INSERT INTO `sub_category` VALUES ('266', '糕点', '17');
INSERT INTO `sub_category` VALUES ('267', '白酒', '18');
INSERT INTO `sub_category` VALUES ('268', '红酒', '18');
INSERT INTO `sub_category` VALUES ('269', '洋酒', '18');
INSERT INTO `sub_category` VALUES ('270', '啤酒', '18');
INSERT INTO `sub_category` VALUES ('271', '黄酒', '18');
INSERT INTO `sub_category` VALUES ('272', '保健酒', '18');
INSERT INTO `sub_category` VALUES ('273', '预调酒', '18');
INSERT INTO `sub_category` VALUES ('274', '配制酒', '18');
INSERT INTO `sub_category` VALUES ('275', '葡萄酒', '18');
INSERT INTO `sub_category` VALUES ('276', '西湖龙井', '18');
INSERT INTO `sub_category` VALUES ('277', '安吉白茶', '18');
INSERT INTO `sub_category` VALUES ('278', '绿茶', '18');
INSERT INTO `sub_category` VALUES ('279', '大红袍', '18');
INSERT INTO `sub_category` VALUES ('280', '铁观音', '18');
INSERT INTO `sub_category` VALUES ('281', '普洱茶', '18');
INSERT INTO `sub_category` VALUES ('282', '玫瑰花茶', '18');
INSERT INTO `sub_category` VALUES ('283', '柠檬片', '18');
INSERT INTO `sub_category` VALUES ('284', '菊花茶', '18');
INSERT INTO `sub_category` VALUES ('285', '花茶', '18');
INSERT INTO `sub_category` VALUES ('286', '天然粉粉', '18');
INSERT INTO `sub_category` VALUES ('287', '金骏眉', '18');
INSERT INTO `sub_category` VALUES ('288', '红茶', '18');
INSERT INTO `sub_category` VALUES ('289', '进口巧克力', '19');
INSERT INTO `sub_category` VALUES ('290', '进口饼干', '19');
INSERT INTO `sub_category` VALUES ('291', '进口糖果', '19');
INSERT INTO `sub_category` VALUES ('292', '进口坚果', '19');
INSERT INTO `sub_category` VALUES ('293', '进口果干', '19');
INSERT INTO `sub_category` VALUES ('294', '进口橄榄油', '19');
INSERT INTO `sub_category` VALUES ('295', '进口牛奶', '19');
INSERT INTO `sub_category` VALUES ('296', '进口咖啡', '19');
INSERT INTO `sub_category` VALUES ('297', '进口饮料', '19');
INSERT INTO `sub_category` VALUES ('298', '进口葡萄酒', '19');
INSERT INTO `sub_category` VALUES ('299', '进口洋酒', '19');
INSERT INTO `sub_category` VALUES ('300', '进口啤酒', '19');
INSERT INTO `sub_category` VALUES ('301', '土豆', '20');
INSERT INTO `sub_category` VALUES ('302', '番薯', '20');
INSERT INTO `sub_category` VALUES ('303', '山药', '20');
INSERT INTO `sub_category` VALUES ('304', '莲藕', '20');
INSERT INTO `sub_category` VALUES ('305', '净菜', '20');
INSERT INTO `sub_category` VALUES ('306', '玉米', '20');
INSERT INTO `sub_category` VALUES ('307', '秋葵', '20');
INSERT INTO `sub_category` VALUES ('308', '大蒜', '20');
INSERT INTO `sub_category` VALUES ('309', '生姜', '20');
INSERT INTO `sub_category` VALUES ('310', '南瓜', '20');
INSERT INTO `sub_category` VALUES ('311', '奇异果', '20');
INSERT INTO `sub_category` VALUES ('312', '车厘子/樱桃', '20');
INSERT INTO `sub_category` VALUES ('313', '芒果', '20');
INSERT INTO `sub_category` VALUES ('314', '牛油果', '20');
INSERT INTO `sub_category` VALUES ('315', '火龙果', '20');
INSERT INTO `sub_category` VALUES ('316', '苹果', '20');
INSERT INTO `sub_category` VALUES ('317', '橙子', '20');
INSERT INTO `sub_category` VALUES ('318', '凤梨', '20');
INSERT INTO `sub_category` VALUES ('319', '榴莲', '20');
INSERT INTO `sub_category` VALUES ('320', '山竹', '20');
INSERT INTO `sub_category` VALUES ('321', '木瓜', '20');
INSERT INTO `sub_category` VALUES ('322', '柠檬', '20');
INSERT INTO `sub_category` VALUES ('323', '百香果', '20');
INSERT INTO `sub_category` VALUES ('324', '椰青', '20');
INSERT INTO `sub_category` VALUES ('325', '番荔枝/释迦', '20');
INSERT INTO `sub_category` VALUES ('326', '龙眼', '20');
INSERT INTO `sub_category` VALUES ('327', '蓝莓', '20');
INSERT INTO `sub_category` VALUES ('328', '梨', '20');
INSERT INTO `sub_category` VALUES ('329', '提子', '20');
INSERT INTO `sub_category` VALUES ('330', '柚子', '20');
INSERT INTO `sub_category` VALUES ('331', '草莓', '20');
INSERT INTO `sub_category` VALUES ('332', '西柚', '20');
INSERT INTO `sub_category` VALUES ('333', '荔枝', '20');
INSERT INTO `sub_category` VALUES ('334', '石榴', '20');
INSERT INTO `sub_category` VALUES ('335', '葡萄/提子', '20');
INSERT INTO `sub_category` VALUES ('336', '哈密瓜', '20');
INSERT INTO `sub_category` VALUES ('337', '枇杷', '20');
INSERT INTO `sub_category` VALUES ('338', '李子', '20');
INSERT INTO `sub_category` VALUES ('339', '西瓜', '20');
INSERT INTO `sub_category` VALUES ('340', '菠萝', '20');
INSERT INTO `sub_category` VALUES ('341', '桔子', '20');
INSERT INTO `sub_category` VALUES ('342', '香蕉', '20');
INSERT INTO `sub_category` VALUES ('343', '杨桃', '20');
INSERT INTO `sub_category` VALUES ('344', '红毛丹/毛荔枝', '20');
INSERT INTO `sub_category` VALUES ('380', '4K', '21');
INSERT INTO `sub_category` VALUES ('381', '超高清', '21');
INSERT INTO `sub_category` VALUES ('382', '曲面', '21');
INSERT INTO `sub_category` VALUES ('383', '智能电视', '21');
INSERT INTO `sub_category` VALUES ('384', '超级大屏', '21');
INSERT INTO `sub_category` VALUES ('385', '节能', '21');
INSERT INTO `sub_category` VALUES ('386', '中央空调', '21');
INSERT INTO `sub_category` VALUES ('387', '智能冷柜酒柜', '21');
INSERT INTO `sub_category` VALUES ('388', '洗衣机', '21');
INSERT INTO `sub_category` VALUES ('389', '烟灶套装', '21');
INSERT INTO `sub_category` VALUES ('390', '嵌入式烤箱', '21');
INSERT INTO `sub_category` VALUES ('391', '嵌入式蒸箱', '21');
INSERT INTO `sub_category` VALUES ('392', '燃气灶', '21');
INSERT INTO `sub_category` VALUES ('393', '消毒柜', '21');
INSERT INTO `sub_category` VALUES ('394', '洗碗机', '21');
INSERT INTO `sub_category` VALUES ('395', '集成灶', '21');
INSERT INTO `sub_category` VALUES ('396', '电热水器', '21');
INSERT INTO `sub_category` VALUES ('397', '燃气热水器', '21');
INSERT INTO `sub_category` VALUES ('398', '遥控恒温小厨宝', '21');
INSERT INTO `sub_category` VALUES ('399', '太阳能即热式', '21');
INSERT INTO `sub_category` VALUES ('400', '净水器', '21');
INSERT INTO `sub_category` VALUES ('401', '电饭煲', '22');
INSERT INTO `sub_category` VALUES ('402', '豆浆机', '22');
INSERT INTO `sub_category` VALUES ('403', '电热水壶', '22');
INSERT INTO `sub_category` VALUES ('404', '电压力锅', '22');
INSERT INTO `sub_category` VALUES ('405', '电磁炉', '22');
INSERT INTO `sub_category` VALUES ('406', '养生壶', '22');
INSERT INTO `sub_category` VALUES ('407', '烤箱', '22');
INSERT INTO `sub_category` VALUES ('408', '料理机', '22');
INSERT INTO `sub_category` VALUES ('409', '微波炉', '22');
INSERT INTO `sub_category` VALUES ('410', '榨汁机', '22');
INSERT INTO `sub_category` VALUES ('411', '原汁机', '22');
INSERT INTO `sub_category` VALUES ('412', '面包机', '22');
INSERT INTO `sub_category` VALUES ('413', '咖啡机', '22');
INSERT INTO `sub_category` VALUES ('414', '电炸锅', '22');
INSERT INTO `sub_category` VALUES ('511', '取暖电器', '31');
INSERT INTO `sub_category` VALUES ('512', '吸尘器', '31');
INSERT INTO `sub_category` VALUES ('513', '净化器', '31');
INSERT INTO `sub_category` VALUES ('514', '扫地机器人', '31');
INSERT INTO `sub_category` VALUES ('515', '加湿器', '31');
INSERT INTO `sub_category` VALUES ('516', '熨斗', '31');
INSERT INTO `sub_category` VALUES ('517', '电风扇', '31');
INSERT INTO `sub_category` VALUES ('518', '冷风扇', '31');
INSERT INTO `sub_category` VALUES ('519', '插座', '31');






INSERT INTO `product`(id,name,sub_title,price,sale,stock,category_id)  VALUES ('1', 'Huawei/华为P30 Pro曲面屏超感光徕卡四摄变焦双景录像980智能手机p30pro', '4000万超感光徕卡四摄', '988', '77773', '19464', '13');
INSERT INTO `product`(id,name,sub_title,price,sale,stock,category_id)  VALUES ('2', '红米note7pro全面屏手机4800万拍照智能学生老年小米官方旗舰店正品红米note8 proxiaomi/redmi', '【直降200元】稀缺配色 4000mAh大电量 标配18W快充', '1599', null, '6442', '13');
INSERT INTO `product`(id,name,sub_title,price,sale,stock,category_id)  VALUES ('3', '【8+256G直降300】红米k20 骁龙730三摄4800万AI指纹拍照智能游戏手机小米官方旗舰店redmi正品k20 pro', '6+128G加10元购硅胶保护套再赠耳机', '2999', '43423', '7246', '13');
INSERT INTO `product`(id,name,sub_title,price,sale,stock,category_id)  VALUES ('4', 'vivo iQOO Neo高通骁龙845处理器游戏指纹全面屏智能手机官方正品vivoiqooneo iqooneo', '送470元体检/晒单有礼/顺丰包邮', '6998', '4324', '134551', '13');
INSERT INTO `product`(id,name,sub_title,price,sale,stock,category_id)  VALUES ('5', '王东穿梭恋人 保暖不闷 清新文艺感GUAN东秋冬宽松白色镂空毛衣', '海量新品 潮流穿搭 ', '339', '369', '332', '1');
INSERT INTO `product`(id,name,sub_title,price,sale,stock,category_id)  VALUES ('6', '日系森女秋装猫咪刺绣洛丽塔长袖连衣裙学生少女软萌妹Lolita裙子', null, '65', '69', '963', '1');
INSERT INTO `product`(id,name,sub_title,price,sale,stock,category_id)  VALUES ('7', '奥利帝克双肩包女轻便户外运动休闲背包徒步登山包酷动城旅行包', '小号有胸口 大号有胸口有腰扣', '98', '665', '628', '7');
INSERT INTO `product`(id,name,sub_title,price,sale,stock,category_id)  VALUES ('8', '2019冬季男格子毛呢大衣中长款韩版过膝加厚英伦流行呢子风衣外套', '海量新品 潮流穿搭', '369', '98', '364', '1');
INSERT INTO `product`(id,name,sub_title,price,sale,stock,category_id)  VALUES ('9', '肖战同款毛衣男套头V领宽松慵懒风针织衫情侣装秋冬衣服毛衫外套', null, '198', '1000', '369', '1');
INSERT INTO `product`(id,name,sub_title,price,sale,stock,category_id)  VALUES ('10', '帆布包女单肩简约布袋包韩版帆布袋ins日系学生文艺白色手提包黑', '海量新品 潮流穿搭', '145', '234', '445', '7');
INSERT INTO `product`(id,name,sub_title,price,sale,stock,category_id)  VALUES ('11', '2019潮鞋新款帆布鞋女鞋子爆款潮流板鞋韩版百搭球鞋秋鞋超火布鞋', null, '136', '699', '999', '5');
INSERT INTO `product`(id,name,sub_title,price,sale,stock,category_id)  VALUES ('12', '2019夏季帆布鞋男韩版百搭男士鞋子休闲潮流秋季ifashion运动潮鞋', null, '69', '996', '369', '6');
INSERT INTO `product`(id,name,sub_title,price,sale,stock,category_id)  VALUES ('13', '小码女鞋春秋31+32+33码细跟2019欧美尖头超高跟单鞋女春大码黑色', '海量新品 潮流穿搭 玩趣互动', '698', '369', '996', '5');
INSERT INTO `product`(id,name,sub_title,price,sale,stock,category_id)  VALUES ('14', '日本资生堂UNO男士五合一补水保湿控油多效面霜滋润护肤品秋冬季', null, '59.6', '993', '963', '9');
INSERT INTO `product`(id,name,sub_title,price,sale,stock,category_id)  VALUES ('15', 'Innisfree悦诗风吟绿茶水乳护肤品套装女学生秋冬季补水保湿正品', null, '139', '96', '365', '9');
INSERT INTO `product`(id,name,sub_title,price,sale,stock,category_id)  VALUES ('16', '正品包邮白色陶瓷防水情侣手表', null, '695', '165', '669', '10');
INSERT INTO `product`(id,name,sub_title,price,sale,stock,category_id)  VALUES ('17', '玲珑翠玉阁 冰种紫罗兰飘花厚圆条', null, '166', '64', '663', '12');
INSERT INTO `product`(id,name,sub_title,price,sale,stock,category_id)  VALUES ('18', '特价天然A货翡翠老坑冰种戒指', null, '6391', '36', '96', '12');
INSERT INTO `product`(id,name,sub_title,price,sale,stock,category_id)  VALUES ('19', '浮生记 /餐边柜北欧樱桃木实木收纳柜白橡木简约设计储物柜茶水柜', '极有家认证[海外代工]：出口品质，国际标准 商家承诺：提供“无忧质保”服务，质量问题365天免费售后', '2456', '156', '632', '32');
INSERT INTO `product`(id,name,sub_title,price,sale,stock,category_id)  VALUES ('20', '恒奈四门冰箱商用立式冷柜双温保鲜冷藏速冻厨房大容量四六开冰柜', null, '6396', '145', '369', '21');
INSERT INTO `product`(id,name,sub_title,price,sale,stock,category_id)  VALUES ('21', '佳能6d2套机eos6d mark ii全画幅专业单反相机6D2机身24-105USM', '全国联保1年 店铺延保5年', '1236', '145', '31', '14');
INSERT INTO `product`(id,name,sub_title,price,sale,stock,category_id)  VALUES ('22', 'Lenovo联想i7笔记本电脑游戏本高配手提', '', '3652', '123', '452', '15');
INSERT INTO `product`(id,name,sub_title,price,sale,stock,category_id)  VALUES ('23', '奶瓶保温袋宝宝饭盒保温套婴儿奶瓶保温器通用外出便携式加厚保温', null, '984', '446', '163', '16');
INSERT INTO `product`(id,name,sub_title,price,sale,stock,category_id)  VALUES ('24', ' 友臣散装肉松饼500g营养早餐糕点网红零食美食小吃休闲食品点心 ', null, '119', '123', '1234', '17');

INSERT INTO `product_image` VALUES ('1', '1', '\\img\\product\\HuaweiP30Pro.jpg');
INSERT INTO `product_image` VALUES ('2', '2', '\\img\\product\\RedmiK20.png');
INSERT INTO `product_image` VALUES ('3', '3', '\\img\\product\\RedmiNote7Pro.png');
INSERT INTO `product_image` VALUES ('4', '4', '\\img\\product\\vivoIQOOneo.jpg');
INSERT INTO `product_image` VALUES ('5', '5', 'https://g-search2.alicdn.com/img/bao/uploaded/i4/i1/2054321791/O1CN01FteAdF1P6JuUxMxXL_!!0-item_pic.jpg_230x230.jpg_.webp');
INSERT INTO `product_image` VALUES ('6', '6', 'https://g-search1.alicdn.com/img/bao/uploaded/i4/i1/2147445450/O1CN01do3jv61q896SjI2FX_!!2147445450.jpg_230x230.jpg_.webp');
INSERT INTO `product_image` VALUES ('7', '7', 'https://g-search3.alicdn.com/img/bao/uploaded/i4/i3/2200731466582/O1CN01eCmmMj1yUbSB2Zjtu_!!2200731466582.jpg_230x230.jpg_.webp');
INSERT INTO `product_image` VALUES ('8', '8', 'https://g-search2.alicdn.com/img/bao/uploaded/i4/i4/2832202583/O1CN01YZh4sp1Ux3anCT9t7_!!0-item_pic.jpg_230x230.jpg_.webp');
INSERT INTO `product_image` VALUES ('9', '9', 'https://g-search2.alicdn.com/img/bao/uploaded/i4/i3/2203445483645/O1CN01ynGNSe1cnSDOQoxnO_!!0-item_pic.jpg_230x230.jpg_.webp');
INSERT INTO `product_image` VALUES ('10', '10', 'https://g-search1.alicdn.com/img/bao/uploaded/i4/i4/3429589304/O1CN012lwybY2IbHYAuu1RB_!!0-item_pic.jpg_230x230.jpg_.webp');
INSERT INTO `product_image` VALUES ('11', '11', 'https://g-search2.alicdn.com/img/bao/uploaded/i4/i4/3980177291/O1CN01FSN9FP23jKDkqLzNx_!!3980177291.jpg_230x230.jpg_.webp');
INSERT INTO `product_image` VALUES ('12', '12', 'https://g-search3.alicdn.com/img/bao/uploaded/i4/i3/2950223477/O1CN01Kug4Jc1bYVbhva94O_!!0-item_pic.jpg_230x230.jpg_.webp');
INSERT INTO `product_image` VALUES ('13', '13', 'https://g-search3.alicdn.com/img/bao/uploaded/i4/i1/809347748/TB2vRUFe25TBuNjSspmXXaDRVXa_!!809347748.jpg_230x230.jpg_.webp');
INSERT INTO `product_image` VALUES ('14', '14', 'https://g-search1.alicdn.com/img/bao/uploaded/i4/i3/3368422362/O1CN01K2TIgM1TJq3ulMQr8_!!3368422362.jpg_230x230.jpg_.webp');
INSERT INTO `product_image` VALUES ('15', '15', 'https://g-search1.alicdn.com/img/bao/uploaded/i4/i2/3350492366/O1CN017Ma2eT1TLfdzohpNd_!!3350492366.jpg_230x230.jpg_.webp');
INSERT INTO `product_image` VALUES ('16', '16', 'https://g-search3.alicdn.com/img/bao/uploaded/i4/i3/669194474/O1CN01BtaZc31iv8XFYsccC_!!0-item_pic.jpg_230x230.jpg_.webp');
INSERT INTO `product_image` VALUES ('17', '17', 'https://g-search2.alicdn.com/img/bao/uploaded/i4/i2/3899763099/O1CN01PBQYDx1YlNwxA022g_!!0-item_pic.jpg_230x230.jpg_.webp');
INSERT INTO `product_image` VALUES ('18', '18', 'https://g-search3.alicdn.com/img/bao/uploaded/i4/i4/103521260/TB1WTFGc4sIL1JjSZFqXXceCpXa_!!0-item_pic.jpg_230x230.jpg_.webp');
INSERT INTO `product_image` VALUES ('19', '19', 'https://g-search3.alicdn.com/img/bao/uploaded/i4/i2/2461897288/O1CN01I7Sr3523hx4cDWJpi_!!2461897288.jpg_230x230.jpg_.webp');
INSERT INTO `product_image` VALUES ('20', '20', 'https://g-search2.alicdn.com/img/bao/uploaded/i4/i3/1070311056/TB2a.vKhr_0UKFjy1XaXXbKfXXa_!!1070311056.jpg_230x230.jpg_.webp');
INSERT INTO `product_image` VALUES ('21', '21', 'https://g-search1.alicdn.com/img/bao/uploaded/i4/i1/2200720230764/O1CN01A1BMpE1HVx8X68bm1_!!0-item_pic.jpg_230x230.jpg_.webp');
INSERT INTO `product_image` VALUES ('22', '22', 'https://g-search2.alicdn.com/img/bao/uploaded/i4/i3/3953810689/O1CN01RvpfDS1GxbRejWc4g_!!0-item_pic.jpg_230x230.jpg_.webp');
INSERT INTO `product_image` VALUES ('23', '23', 'https://g-search3.alicdn.com/img/bao/uploaded/i4/i4/907290350/TB2RPibdgb.PuJjSZFpXXbuFpXa_!!907290350.jpg_230x230.jpg_.webp');
INSERT INTO `product_image` VALUES ('24', '24', 'https://g-search1.alicdn.com/img/bao/uploaded/i4/i1/1690440456/O1CN01cKzXbi1FEt9qzTcGk_!!0-item_pic.jpg_230x230.jpg_.webp');


INSERT INTO `product_bind_filter` VALUES ('1', '1', '1');
INSERT INTO `product_bind_filter` VALUES ('2', '1', '10');
INSERT INTO `product_bind_filter` VALUES ('3', '1', '21');
INSERT INTO `product_bind_filter` VALUES ('4', '1', '23');
INSERT INTO `product_bind_filter` VALUES ('5', '1', '28');
INSERT INTO `product_bind_filter` VALUES ('6', '1', '31');
INSERT INTO `product_bind_filter` VALUES ('7', '2', '2');
INSERT INTO `product_bind_filter` VALUES ('8', '2', '11');
INSERT INTO `product_bind_filter` VALUES ('9', '2', '20');
INSERT INTO `product_bind_filter` VALUES ('10', '2', '23');
INSERT INTO `product_bind_filter` VALUES ('11', '2', '29');
INSERT INTO `product_bind_filter` VALUES ('12', '2', '32');
INSERT INTO `product_bind_filter` VALUES ('13', '3', '3');
INSERT INTO `product_bind_filter` VALUES ('14', '3', '12');
INSERT INTO `product_bind_filter` VALUES ('15', '3', '20');
INSERT INTO `product_bind_filter` VALUES ('16', '3', '24');
INSERT INTO `product_bind_filter` VALUES ('17', '3', '29');
INSERT INTO `product_bind_filter` VALUES ('18', '3', '33');
INSERT INTO `product_bind_filter` VALUES ('19', '4', '4');
INSERT INTO `product_bind_filter` VALUES ('20', '4', '13');
INSERT INTO `product_bind_filter` VALUES ('21', '4', '21');
INSERT INTO `product_bind_filter` VALUES ('22', '4', '25');
INSERT INTO `product_bind_filter` VALUES ('23', '4', '30');
INSERT INTO `product_bind_filter` VALUES ('24', '4', '34');
INSERT INTO `product_bind_filter` VALUES ('25', '5', '5');
INSERT INTO `product_bind_filter` VALUES ('26', '5', '14');
INSERT INTO `product_bind_filter` VALUES ('27', '5', '21');
INSERT INTO `product_bind_filter` VALUES ('28', '5', '23');
INSERT INTO `product_bind_filter` VALUES ('29', '5', '28');
INSERT INTO `product_bind_filter` VALUES ('30', '5', '31');
INSERT INTO `product_bind_filter` VALUES ('31', '6', '6');
INSERT INTO `product_bind_filter` VALUES ('32', '6', '15');
INSERT INTO `product_bind_filter` VALUES ('33', '6', '21');
INSERT INTO `product_bind_filter` VALUES ('34', '6', '22');
INSERT INTO `product_bind_filter` VALUES ('35', '6', '27');
INSERT INTO `product_bind_filter` VALUES ('36', '6', '32');
INSERT INTO `product_bind_filter` VALUES ('37', '7', '7');
INSERT INTO `product_bind_filter` VALUES ('38', '7', '16');
INSERT INTO `product_bind_filter` VALUES ('39', '7', '20');
INSERT INTO `product_bind_filter` VALUES ('40', '7', '26');
INSERT INTO `product_bind_filter` VALUES ('41', '7', '27');
INSERT INTO `product_bind_filter` VALUES ('42', '7', '32');
INSERT INTO `product_bind_filter` VALUES ('43', '8', '8');
INSERT INTO `product_bind_filter` VALUES ('44', '8', '17');
INSERT INTO `product_bind_filter` VALUES ('45', '8', '20');
INSERT INTO `product_bind_filter` VALUES ('46', '8', '23');
INSERT INTO `product_bind_filter` VALUES ('47', '8', '28');
INSERT INTO `product_bind_filter` VALUES ('48', '8', '31');
INSERT INTO `product_bind_filter` VALUES ('49', '9', '9');
INSERT INTO `product_bind_filter` VALUES ('50', '9', '18');
INSERT INTO `product_bind_filter` VALUES ('51', '9', '20');
INSERT INTO `product_bind_filter` VALUES ('52', '9', '22');
INSERT INTO `product_bind_filter` VALUES ('53', '9', '28');
INSERT INTO `product_bind_filter` VALUES ('54', '9', '32');
INSERT INTO `product_bind_filter` VALUES ('55', '10', '1');
INSERT INTO `product_bind_filter` VALUES ('56', '10', '19');
INSERT INTO `product_bind_filter` VALUES ('57', '10', '21');
INSERT INTO `product_bind_filter` VALUES ('58', '10', '23');
INSERT INTO `product_bind_filter` VALUES ('59', '10', '28');
INSERT INTO `product_bind_filter` VALUES ('60', '10', '33');
INSERT INTO `product_bind_filter` VALUES ('61', '11', '3');
INSERT INTO `product_bind_filter` VALUES ('63', '11', '10');
INSERT INTO `product_bind_filter` VALUES ('64', '11', '21');
INSERT INTO `product_bind_filter` VALUES ('65', '11', '24');
INSERT INTO `product_bind_filter` VALUES ('66', '11', '28');
INSERT INTO `product_bind_filter` VALUES ('67', '11', '34');
INSERT INTO `product_bind_filter` VALUES ('68', '12', '2');
INSERT INTO `product_bind_filter` VALUES ('69', '12', '11');
INSERT INTO `product_bind_filter` VALUES ('70', '12', '20');
INSERT INTO `product_bind_filter` VALUES ('71', '12', '23');
INSERT INTO `product_bind_filter` VALUES ('72', '12', '27');
INSERT INTO `product_bind_filter` VALUES ('73', '12', '31');
INSERT INTO `product_bind_filter` VALUES ('74', '13', '4');
INSERT INTO `product_bind_filter` VALUES ('75', '13', '13');
INSERT INTO `product_bind_filter` VALUES ('76', '13', '21');
INSERT INTO `product_bind_filter` VALUES ('77', '13', '24');
INSERT INTO `product_bind_filter` VALUES ('78', '13', '28');
INSERT INTO `product_bind_filter` VALUES ('79', '13', '31');
INSERT INTO `product_bind_filter` VALUES ('80', '14', '5');
INSERT INTO `product_bind_filter` VALUES ('81', '14', '14');
INSERT INTO `product_bind_filter` VALUES ('82', '14', '20');
INSERT INTO `product_bind_filter` VALUES ('83', '14', '24');
INSERT INTO `product_bind_filter` VALUES ('84', '14', '28');
INSERT INTO `product_bind_filter` VALUES ('85', '14', '34');
INSERT INTO `product_bind_filter` VALUES ('86', '15', '6');
INSERT INTO `product_bind_filter` VALUES ('87', '15', '15');
INSERT INTO `product_bind_filter` VALUES ('88', '15', '21');
INSERT INTO `product_bind_filter` VALUES ('89', '15', '23');
INSERT INTO `product_bind_filter` VALUES ('90', '15', '28');
INSERT INTO `product_bind_filter` VALUES ('91', '15', '31');
INSERT INTO `product_bind_filter` VALUES ('92', '16', '7');
INSERT INTO `product_bind_filter` VALUES ('93', '16', '16');
INSERT INTO `product_bind_filter` VALUES ('94', '16', '20');
INSERT INTO `product_bind_filter` VALUES ('95', '16', '23');
INSERT INTO `product_bind_filter` VALUES ('96', '16', '28');
INSERT INTO `product_bind_filter` VALUES ('97', '16', '32');
INSERT INTO `product_bind_filter` VALUES ('98', '17', '8');
INSERT INTO `product_bind_filter` VALUES ('99', '17', '18');
INSERT INTO `product_bind_filter` VALUES ('100', '17', '21');
INSERT INTO `product_bind_filter` VALUES ('101', '17', '22');
INSERT INTO `product_bind_filter` VALUES ('102', '17', '28');
INSERT INTO `product_bind_filter` VALUES ('103', '17', '34');
INSERT INTO `product_bind_filter` VALUES ('104', '18', '9');
INSERT INTO `product_bind_filter` VALUES ('105', '18', '19');
INSERT INTO `product_bind_filter` VALUES ('106', '18', '21');
INSERT INTO `product_bind_filter` VALUES ('107', '18', '25');
INSERT INTO `product_bind_filter` VALUES ('108', '18', '30');
INSERT INTO `product_bind_filter` VALUES ('109', '18', '32');
INSERT INTO `product_bind_filter` VALUES ('110', '19', '1');
INSERT INTO `product_bind_filter` VALUES ('111', '19', '10');
INSERT INTO `product_bind_filter` VALUES ('112', '19', '20');
INSERT INTO `product_bind_filter` VALUES ('113', '19', '24');
INSERT INTO `product_bind_filter` VALUES ('114', '19', '29');
INSERT INTO `product_bind_filter` VALUES ('115', '19', '32');
INSERT INTO `product_bind_filter` VALUES ('116', '20', '2');
INSERT INTO `product_bind_filter` VALUES ('117', '20', '11');
INSERT INTO `product_bind_filter` VALUES ('118', '20', '20');
INSERT INTO `product_bind_filter` VALUES ('119', '20', '25');
INSERT INTO `product_bind_filter` VALUES ('120', '20', '30');
INSERT INTO `product_bind_filter` VALUES ('121', '20', '32');
INSERT INTO `product_bind_filter` VALUES ('122', '21', '3');
INSERT INTO `product_bind_filter` VALUES ('123', '21', '12');
INSERT INTO `product_bind_filter` VALUES ('124', '21', '21');
INSERT INTO `product_bind_filter` VALUES ('125', '21', '24');
INSERT INTO `product_bind_filter` VALUES ('126', '21', '29');
INSERT INTO `product_bind_filter` VALUES ('127', '21', '34');
INSERT INTO `product_bind_filter` VALUES ('128', '22', '4');
INSERT INTO `product_bind_filter` VALUES ('129', '22', '13');
INSERT INTO `product_bind_filter` VALUES ('130', '22', '20');
INSERT INTO `product_bind_filter` VALUES ('131', '22', '25');
INSERT INTO `product_bind_filter` VALUES ('132', '22', '29');
INSERT INTO `product_bind_filter` VALUES ('133', '22', '34');
INSERT INTO `product_bind_filter` VALUES ('134', '23', '5');
INSERT INTO `product_bind_filter` VALUES ('135', '23', '14');
INSERT INTO `product_bind_filter` VALUES ('136', '23', '21');
INSERT INTO `product_bind_filter` VALUES ('137', '23', '24');
INSERT INTO `product_bind_filter` VALUES ('138', '23', '28');
INSERT INTO `product_bind_filter` VALUES ('139', '23', '34');
INSERT INTO `product_bind_filter` VALUES ('140', '24', '6');
INSERT INTO `product_bind_filter` VALUES ('141', '24', '15');
INSERT INTO `product_bind_filter` VALUES ('142', '24', '20');
INSERT INTO `product_bind_filter` VALUES ('143', '24', '23');
INSERT INTO `product_bind_filter` VALUES ('144', '24', '28');
INSERT INTO `product_bind_filter` VALUES ('145', '24', '34');



INSERT INTO `user` VALUES ('1', 'bps_666', '18846052640', 'sina6213czy@163.com', '123456', '2020-02-02');
